y	x	rep	leg
1	1	3	Homme : beaucoup (49%)
1	2	3	Homme : beaucoup (49%)
1	3	3	Homme : beaucoup (49%)
1	4	3	Homme : beaucoup (49%)
1	5	3	Homme : beaucoup (49%)
1	6	3	Homme : beaucoup (49%)
1	7	3	Homme : beaucoup (49%)
1	8	3	Homme : beaucoup (49%)
1	9	3	Homme : beaucoup (49%)
1	10	3	Homme : beaucoup (49%)
1	11	3	Homme : beaucoup (49%)
1	12	3	Homme : beaucoup (49%)
1	13	3	Homme : beaucoup (49%)
1	14	3	Homme : beaucoup (49%)
1	15	3	Homme : beaucoup (49%)
1	16	3	Homme : beaucoup (49%)
1	17	3	Homme : beaucoup (49%)
1	18	3	Homme : beaucoup (49%)
1	19	3	Homme : beaucoup (49%)
1	20	3	Homme : beaucoup (49%)
1	21	3	Homme : beaucoup (49%)
1	22	3	Homme : beaucoup (49%)
1	23	3	Homme : beaucoup (49%)
1	24	3	Homme : beaucoup (49%)
1	25	3	Homme : beaucoup (49%)
1	26	3	Homme : beaucoup (49%)
1	27	3	Homme : beaucoup (49%)
1	28	3	Homme : beaucoup (49%)
1	29	3	Homme : beaucoup (49%)
1	30	3	Homme : beaucoup (49%)
1	31	3	Homme : beaucoup (49%)
1	32	3	Homme : beaucoup (49%)
1	33	3	Homme : beaucoup (49%)
1	34	3	Homme : beaucoup (49%)
1	35	3	Homme : beaucoup (49%)
1	36	3	Homme : beaucoup (49%)
1	37	3	Homme : beaucoup (49%)
1	38	3	Homme : beaucoup (49%)
1	39	3	Homme : beaucoup (49%)
1	40	3	Homme : beaucoup (49%)
1	41	3	Homme : beaucoup (49%)
1	42	2	Homme : un peu (40%)
1	43	2	Homme : un peu (40%)
1	44	2	Homme : un peu (40%)
1	45	2	Homme : un peu (40%)
1	46	2	Homme : un peu (40%)
1	47	2	Homme : un peu (40%)
1	48	2	Homme : un peu (40%)
1	49	2	Homme : un peu (40%)
1	50	2	Homme : un peu (40%)
1	51	2	Homme : un peu (40%)
1	52	2	Homme : un peu (40%)
1	53	2	Homme : un peu (40%)
1	54	2	Homme : un peu (40%)
1	55	2	Homme : un peu (40%)
1	56	2	Homme : un peu (40%)
1	57	2	Homme : un peu (40%)
1	58	2	Homme : un peu (40%)
1	59	2	Homme : un peu (40%)
1	60	2	Homme : un peu (40%)
1	61	2	Homme : un peu (40%)
1	62	2	Homme : un peu (40%)
1	63	2	Homme : un peu (40%)
1	64	2	Homme : un peu (40%)
1	65	2	Homme : un peu (40%)
1	66	2	Homme : un peu (40%)
1	67	2	Homme : un peu (40%)
1	68	2	Homme : un peu (40%)
1	69	2	Homme : un peu (40%)
1	70	2	Homme : un peu (40%)
1	71	2	Homme : un peu (40%)
1	72	2	Homme : un peu (40%)
1	73	2	Homme : un peu (40%)
1	74	2	Homme : un peu (40%)
1	75	2	Homme : un peu (40%)
1	76	2	Homme : un peu (40%)
1	77	2	Homme : un peu (40%)
1	78	2	Homme : un peu (40%)
1	79	2	Homme : un peu (40%)
1	80	2	Homme : un peu (40%)
1	81	2	Homme : un peu (40%)
1	82	2	Homme : un peu (40%)
1	83	2	Homme : un peu (40%)
1	84	2	Homme : un peu (40%)
1	85	2	Homme : un peu (40%)
1	86	2	Homme : un peu (40%)
1	87	2	Homme : un peu (40%)
1	88	1	Homme : pas du tout (11%)
1	89	1	Homme : pas du tout (11%)
1	90	1	Homme : pas du tout (11%)
1	91	1	Homme : pas du tout (11%)
1	92	1	Homme : pas du tout (11%)
1	93	1	Homme : pas du tout (11%)
1	94	1	Homme : pas du tout (11%)
1	95	1	Homme : pas du tout (11%)
1	96	1	Homme : pas du tout (11%)
1	97	1	Homme : pas du tout (11%)
1	98	1	Homme : pas du tout (11%)
1	99	1	Homme : pas du tout (11%)
1	100	1	Homme : pas du tout (11%)
2	1	3	Homme : beaucoup (49%)
2	2	3	Homme : beaucoup (49%)
2	3	3	Homme : beaucoup (49%)
2	4	3	Homme : beaucoup (49%)
2	5	3	Homme : beaucoup (49%)
2	6	3	Homme : beaucoup (49%)
2	7	3	Homme : beaucoup (49%)
2	8	3	Homme : beaucoup (49%)
2	9	3	Homme : beaucoup (49%)
2	10	3	Homme : beaucoup (49%)
2	11	3	Homme : beaucoup (49%)
2	12	3	Homme : beaucoup (49%)
2	13	3	Homme : beaucoup (49%)
2	14	3	Homme : beaucoup (49%)
2	15	3	Homme : beaucoup (49%)
2	16	3	Homme : beaucoup (49%)
2	17	3	Homme : beaucoup (49%)
2	18	3	Homme : beaucoup (49%)
2	19	3	Homme : beaucoup (49%)
2	20	3	Homme : beaucoup (49%)
2	21	3	Homme : beaucoup (49%)
2	22	3	Homme : beaucoup (49%)
2	23	3	Homme : beaucoup (49%)
2	24	3	Homme : beaucoup (49%)
2	25	3	Homme : beaucoup (49%)
2	26	3	Homme : beaucoup (49%)
2	27	3	Homme : beaucoup (49%)
2	28	3	Homme : beaucoup (49%)
2	29	3	Homme : beaucoup (49%)
2	30	3	Homme : beaucoup (49%)
2	31	3	Homme : beaucoup (49%)
2	32	3	Homme : beaucoup (49%)
2	33	3	Homme : beaucoup (49%)
2	34	3	Homme : beaucoup (49%)
2	35	3	Homme : beaucoup (49%)
2	36	3	Homme : beaucoup (49%)
2	37	3	Homme : beaucoup (49%)
2	38	3	Homme : beaucoup (49%)
2	39	3	Homme : beaucoup (49%)
2	40	3	Homme : beaucoup (49%)
2	41	3	Homme : beaucoup (49%)
2	42	2	Homme : un peu (40%)
2	43	2	Homme : un peu (40%)
2	44	2	Homme : un peu (40%)
2	45	2	Homme : un peu (40%)
2	46	2	Homme : un peu (40%)
2	47	2	Homme : un peu (40%)
2	48	2	Homme : un peu (40%)
2	49	2	Homme : un peu (40%)
2	50	2	Homme : un peu (40%)
2	51	2	Homme : un peu (40%)
2	52	2	Homme : un peu (40%)
2	53	2	Homme : un peu (40%)
2	54	2	Homme : un peu (40%)
2	55	2	Homme : un peu (40%)
2	56	2	Homme : un peu (40%)
2	57	2	Homme : un peu (40%)
2	58	2	Homme : un peu (40%)
2	59	2	Homme : un peu (40%)
2	60	2	Homme : un peu (40%)
2	61	2	Homme : un peu (40%)
2	62	2	Homme : un peu (40%)
2	63	2	Homme : un peu (40%)
2	64	2	Homme : un peu (40%)
2	65	2	Homme : un peu (40%)
2	66	2	Homme : un peu (40%)
2	67	2	Homme : un peu (40%)
2	68	2	Homme : un peu (40%)
2	69	2	Homme : un peu (40%)
2	70	2	Homme : un peu (40%)
2	71	2	Homme : un peu (40%)
2	72	2	Homme : un peu (40%)
2	73	2	Homme : un peu (40%)
2	74	2	Homme : un peu (40%)
2	75	2	Homme : un peu (40%)
2	76	2	Homme : un peu (40%)
2	77	2	Homme : un peu (40%)
2	78	2	Homme : un peu (40%)
2	79	2	Homme : un peu (40%)
2	80	2	Homme : un peu (40%)
2	81	2	Homme : un peu (40%)
2	82	2	Homme : un peu (40%)
2	83	2	Homme : un peu (40%)
2	84	2	Homme : un peu (40%)
2	85	2	Homme : un peu (40%)
2	86	2	Homme : un peu (40%)
2	87	2	Homme : un peu (40%)
2	88	1	Homme : pas du tout (11%)
2	89	1	Homme : pas du tout (11%)
2	90	1	Homme : pas du tout (11%)
2	91	1	Homme : pas du tout (11%)
2	92	1	Homme : pas du tout (11%)
2	93	1	Homme : pas du tout (11%)
2	94	1	Homme : pas du tout (11%)
2	95	1	Homme : pas du tout (11%)
2	96	1	Homme : pas du tout (11%)
2	97	1	Homme : pas du tout (11%)
2	98	1	Homme : pas du tout (11%)
2	99	1	Homme : pas du tout (11%)
2	100	1	Homme : pas du tout (11%)
3	1	3	Homme : beaucoup (49%)
3	2	3	Homme : beaucoup (49%)
3	3	3	Homme : beaucoup (49%)
3	4	3	Homme : beaucoup (49%)
3	5	3	Homme : beaucoup (49%)
3	6	3	Homme : beaucoup (49%)
3	7	3	Homme : beaucoup (49%)
3	8	3	Homme : beaucoup (49%)
3	9	3	Homme : beaucoup (49%)
3	10	3	Homme : beaucoup (49%)
3	11	3	Homme : beaucoup (49%)
3	12	3	Homme : beaucoup (49%)
3	13	3	Homme : beaucoup (49%)
3	14	3	Homme : beaucoup (49%)
3	15	3	Homme : beaucoup (49%)
3	16	3	Homme : beaucoup (49%)
3	17	3	Homme : beaucoup (49%)
3	18	3	Homme : beaucoup (49%)
3	19	3	Homme : beaucoup (49%)
3	20	3	Homme : beaucoup (49%)
3	21	3	Homme : beaucoup (49%)
3	22	3	Homme : beaucoup (49%)
3	23	3	Homme : beaucoup (49%)
3	24	3	Homme : beaucoup (49%)
3	25	3	Homme : beaucoup (49%)
3	26	3	Homme : beaucoup (49%)
3	27	3	Homme : beaucoup (49%)
3	28	3	Homme : beaucoup (49%)
3	29	3	Homme : beaucoup (49%)
3	30	3	Homme : beaucoup (49%)
3	31	3	Homme : beaucoup (49%)
3	32	3	Homme : beaucoup (49%)
3	33	3	Homme : beaucoup (49%)
3	34	3	Homme : beaucoup (49%)
3	35	3	Homme : beaucoup (49%)
3	36	3	Homme : beaucoup (49%)
3	37	3	Homme : beaucoup (49%)
3	38	3	Homme : beaucoup (49%)
3	39	3	Homme : beaucoup (49%)
3	40	3	Homme : beaucoup (49%)
3	41	3	Homme : beaucoup (49%)
3	42	2	Homme : un peu (40%)
3	43	2	Homme : un peu (40%)
3	44	2	Homme : un peu (40%)
3	45	2	Homme : un peu (40%)
3	46	2	Homme : un peu (40%)
3	47	2	Homme : un peu (40%)
3	48	2	Homme : un peu (40%)
3	49	2	Homme : un peu (40%)
3	50	2	Homme : un peu (40%)
3	51	2	Homme : un peu (40%)
3	52	2	Homme : un peu (40%)
3	53	2	Homme : un peu (40%)
3	54	2	Homme : un peu (40%)
3	55	2	Homme : un peu (40%)
3	56	2	Homme : un peu (40%)
3	57	2	Homme : un peu (40%)
3	58	2	Homme : un peu (40%)
3	59	2	Homme : un peu (40%)
3	60	2	Homme : un peu (40%)
3	61	2	Homme : un peu (40%)
3	62	2	Homme : un peu (40%)
3	63	2	Homme : un peu (40%)
3	64	2	Homme : un peu (40%)
3	65	2	Homme : un peu (40%)
3	66	2	Homme : un peu (40%)
3	67	2	Homme : un peu (40%)
3	68	2	Homme : un peu (40%)
3	69	2	Homme : un peu (40%)
3	70	2	Homme : un peu (40%)
3	71	2	Homme : un peu (40%)
3	72	2	Homme : un peu (40%)
3	73	2	Homme : un peu (40%)
3	74	2	Homme : un peu (40%)
3	75	2	Homme : un peu (40%)
3	76	2	Homme : un peu (40%)
3	77	2	Homme : un peu (40%)
3	78	2	Homme : un peu (40%)
3	79	2	Homme : un peu (40%)
3	80	2	Homme : un peu (40%)
3	81	2	Homme : un peu (40%)
3	82	2	Homme : un peu (40%)
3	83	2	Homme : un peu (40%)
3	84	2	Homme : un peu (40%)
3	85	2	Homme : un peu (40%)
3	86	2	Homme : un peu (40%)
3	87	2	Homme : un peu (40%)
3	88	1	Homme : pas du tout (11%)
3	89	1	Homme : pas du tout (11%)
3	90	1	Homme : pas du tout (11%)
3	91	1	Homme : pas du tout (11%)
3	92	1	Homme : pas du tout (11%)
3	93	1	Homme : pas du tout (11%)
3	94	1	Homme : pas du tout (11%)
3	95	1	Homme : pas du tout (11%)
3	96	1	Homme : pas du tout (11%)
3	97	1	Homme : pas du tout (11%)
3	98	1	Homme : pas du tout (11%)
3	99	1	Homme : pas du tout (11%)
3	100	1	Homme : pas du tout (11%)
4	1	3	Homme : beaucoup (49%)
4	2	3	Homme : beaucoup (49%)
4	3	3	Homme : beaucoup (49%)
4	4	3	Homme : beaucoup (49%)
4	5	3	Homme : beaucoup (49%)
4	6	3	Homme : beaucoup (49%)
4	7	3	Homme : beaucoup (49%)
4	8	3	Homme : beaucoup (49%)
4	9	3	Homme : beaucoup (49%)
4	10	3	Homme : beaucoup (49%)
4	11	3	Homme : beaucoup (49%)
4	12	3	Homme : beaucoup (49%)
4	13	3	Homme : beaucoup (49%)
4	14	3	Homme : beaucoup (49%)
4	15	3	Homme : beaucoup (49%)
4	16	3	Homme : beaucoup (49%)
4	17	3	Homme : beaucoup (49%)
4	18	3	Homme : beaucoup (49%)
4	19	3	Homme : beaucoup (49%)
4	20	3	Homme : beaucoup (49%)
4	21	3	Homme : beaucoup (49%)
4	22	3	Homme : beaucoup (49%)
4	23	3	Homme : beaucoup (49%)
4	24	3	Homme : beaucoup (49%)
4	25	3	Homme : beaucoup (49%)
4	26	3	Homme : beaucoup (49%)
4	27	3	Homme : beaucoup (49%)
4	28	3	Homme : beaucoup (49%)
4	29	3	Homme : beaucoup (49%)
4	30	3	Homme : beaucoup (49%)
4	31	3	Homme : beaucoup (49%)
4	32	3	Homme : beaucoup (49%)
4	33	3	Homme : beaucoup (49%)
4	34	3	Homme : beaucoup (49%)
4	35	3	Homme : beaucoup (49%)
4	36	3	Homme : beaucoup (49%)
4	37	3	Homme : beaucoup (49%)
4	38	3	Homme : beaucoup (49%)
4	39	3	Homme : beaucoup (49%)
4	40	3	Homme : beaucoup (49%)
4	41	3	Homme : beaucoup (49%)
4	42	2	Homme : un peu (40%)
4	43	2	Homme : un peu (40%)
4	44	2	Homme : un peu (40%)
4	45	2	Homme : un peu (40%)
4	46	2	Homme : un peu (40%)
4	47	2	Homme : un peu (40%)
4	48	2	Homme : un peu (40%)
4	49	2	Homme : un peu (40%)
4	50	2	Homme : un peu (40%)
4	51	2	Homme : un peu (40%)
4	52	2	Homme : un peu (40%)
4	53	2	Homme : un peu (40%)
4	54	2	Homme : un peu (40%)
4	55	2	Homme : un peu (40%)
4	56	2	Homme : un peu (40%)
4	57	2	Homme : un peu (40%)
4	58	2	Homme : un peu (40%)
4	59	2	Homme : un peu (40%)
4	60	2	Homme : un peu (40%)
4	61	2	Homme : un peu (40%)
4	62	2	Homme : un peu (40%)
4	63	2	Homme : un peu (40%)
4	64	2	Homme : un peu (40%)
4	65	2	Homme : un peu (40%)
4	66	2	Homme : un peu (40%)
4	67	2	Homme : un peu (40%)
4	68	2	Homme : un peu (40%)
4	69	2	Homme : un peu (40%)
4	70	2	Homme : un peu (40%)
4	71	2	Homme : un peu (40%)
4	72	2	Homme : un peu (40%)
4	73	2	Homme : un peu (40%)
4	74	2	Homme : un peu (40%)
4	75	2	Homme : un peu (40%)
4	76	2	Homme : un peu (40%)
4	77	2	Homme : un peu (40%)
4	78	2	Homme : un peu (40%)
4	79	2	Homme : un peu (40%)
4	80	2	Homme : un peu (40%)
4	81	2	Homme : un peu (40%)
4	82	2	Homme : un peu (40%)
4	83	2	Homme : un peu (40%)
4	84	2	Homme : un peu (40%)
4	85	2	Homme : un peu (40%)
4	86	2	Homme : un peu (40%)
4	87	2	Homme : un peu (40%)
4	88	1	Homme : pas du tout (11%)
4	89	1	Homme : pas du tout (11%)
4	90	1	Homme : pas du tout (11%)
4	91	1	Homme : pas du tout (11%)
4	92	1	Homme : pas du tout (11%)
4	93	1	Homme : pas du tout (11%)
4	94	1	Homme : pas du tout (11%)
4	95	1	Homme : pas du tout (11%)
4	96	1	Homme : pas du tout (11%)
4	97	1	Homme : pas du tout (11%)
4	98	1	Homme : pas du tout (11%)
4	99	1	Homme : pas du tout (11%)
4	100	1	Homme : pas du tout (11%)
5	1	3	Homme : beaucoup (49%)
5	2	3	Homme : beaucoup (49%)
5	3	3	Homme : beaucoup (49%)
5	4	3	Homme : beaucoup (49%)
5	5	3	Homme : beaucoup (49%)
5	6	3	Homme : beaucoup (49%)
5	7	3	Homme : beaucoup (49%)
5	8	3	Homme : beaucoup (49%)
5	9	3	Homme : beaucoup (49%)
5	10	3	Homme : beaucoup (49%)
5	11	3	Homme : beaucoup (49%)
5	12	3	Homme : beaucoup (49%)
5	13	3	Homme : beaucoup (49%)
5	14	3	Homme : beaucoup (49%)
5	15	3	Homme : beaucoup (49%)
5	16	3	Homme : beaucoup (49%)
5	17	3	Homme : beaucoup (49%)
5	18	3	Homme : beaucoup (49%)
5	19	3	Homme : beaucoup (49%)
5	20	3	Homme : beaucoup (49%)
5	21	3	Homme : beaucoup (49%)
5	22	3	Homme : beaucoup (49%)
5	23	3	Homme : beaucoup (49%)
5	24	3	Homme : beaucoup (49%)
5	25	3	Homme : beaucoup (49%)
5	26	3	Homme : beaucoup (49%)
5	27	3	Homme : beaucoup (49%)
5	28	3	Homme : beaucoup (49%)
5	29	3	Homme : beaucoup (49%)
5	30	3	Homme : beaucoup (49%)
5	31	3	Homme : beaucoup (49%)
5	32	3	Homme : beaucoup (49%)
5	33	3	Homme : beaucoup (49%)
5	34	3	Homme : beaucoup (49%)
5	35	3	Homme : beaucoup (49%)
5	36	3	Homme : beaucoup (49%)
5	37	3	Homme : beaucoup (49%)
5	38	3	Homme : beaucoup (49%)
5	39	3	Homme : beaucoup (49%)
5	40	3	Homme : beaucoup (49%)
5	41	3	Homme : beaucoup (49%)
5	42	2	Femme : un peu (53%)
5	43	2	Femme : un peu (53%)
5	44	2	Femme : un peu (53%)
5	45	2	Femme : un peu (53%)
5	46	2	Femme : un peu (53%)
5	47	2	Femme : un peu (53%)
5	48	2	Femme : un peu (53%)
5	49	2	Femme : un peu (53%)
5	50	2	Femme : un peu (53%)
5	51	2	Femme : un peu (53%)
5	52	2	Femme : un peu (53%)
5	53	2	Femme : un peu (53%)
5	54	2	Femme : un peu (53%)
5	55	2	Femme : un peu (53%)
5	56	2	Femme : un peu (53%)
5	57	2	Femme : un peu (53%)
5	58	2	Femme : un peu (53%)
5	59	2	Femme : un peu (53%)
5	60	2	Femme : un peu (53%)
5	61	2	Femme : un peu (53%)
5	62	2	Femme : un peu (53%)
5	63	2	Femme : un peu (53%)
5	64	2	Femme : un peu (53%)
5	65	2	Femme : un peu (53%)
5	66	2	Femme : un peu (53%)
5	67	2	Femme : un peu (53%)
5	68	2	Femme : un peu (53%)
5	69	2	Femme : un peu (53%)
5	70	2	Femme : un peu (53%)
5	71	2	Femme : un peu (53%)
5	72	2	Femme : un peu (53%)
5	73	2	Femme : un peu (53%)
5	74	2	Femme : un peu (53%)
5	75	2	Femme : un peu (53%)
5	76	2	Femme : un peu (53%)
5	77	2	Femme : un peu (53%)
5	78	2	Femme : un peu (53%)
5	79	2	Femme : un peu (53%)
5	80	2	Femme : un peu (53%)
5	81	2	Femme : un peu (53%)
5	82	2	Femme : un peu (53%)
5	83	2	Femme : un peu (53%)
5	84	2	Femme : un peu (53%)
5	85	2	Femme : un peu (53%)
5	86	2	Femme : un peu (53%)
5	87	2	Femme : un peu (53%)
5	88	1	Femme : pas du tout (15%)
5	89	1	Femme : pas du tout (15%)
5	90	1	Femme : pas du tout (15%)
5	91	1	Femme : pas du tout (15%)
5	92	1	Femme : pas du tout (15%)
5	93	1	Femme : pas du tout (15%)
5	94	1	Femme : pas du tout (15%)
5	95	1	Femme : pas du tout (15%)
5	96	1	Femme : pas du tout (15%)
5	97	1	Femme : pas du tout (15%)
5	98	1	Femme : pas du tout (15%)
5	99	1	Femme : pas du tout (15%)
5	100	1	Femme : pas du tout (15%)
6	1	3	Homme : beaucoup (49%)
6	2	3	Homme : beaucoup (49%)
6	3	3	Homme : beaucoup (49%)
6	4	3	Homme : beaucoup (49%)
6	5	3	Homme : beaucoup (49%)
6	6	3	Homme : beaucoup (49%)
6	7	3	Homme : beaucoup (49%)
6	8	3	Homme : beaucoup (49%)
6	9	3	Homme : beaucoup (49%)
6	10	3	Homme : beaucoup (49%)
6	11	3	Homme : beaucoup (49%)
6	12	3	Homme : beaucoup (49%)
6	13	3	Homme : beaucoup (49%)
6	14	3	Homme : beaucoup (49%)
6	15	3	Homme : beaucoup (49%)
6	16	3	Homme : beaucoup (49%)
6	17	3	Homme : beaucoup (49%)
6	18	3	Homme : beaucoup (49%)
6	19	3	Homme : beaucoup (49%)
6	20	3	Homme : beaucoup (49%)
6	21	3	Homme : beaucoup (49%)
6	22	3	Homme : beaucoup (49%)
6	23	3	Homme : beaucoup (49%)
6	24	3	Homme : beaucoup (49%)
6	25	3	Homme : beaucoup (49%)
6	26	3	Homme : beaucoup (49%)
6	27	3	Homme : beaucoup (49%)
6	28	3	Homme : beaucoup (49%)
6	29	3	Homme : beaucoup (49%)
6	30	3	Homme : beaucoup (49%)
6	31	3	Homme : beaucoup (49%)
6	32	3	Homme : beaucoup (49%)
6	33	3	Homme : beaucoup (49%)
6	34	3	Homme : beaucoup (49%)
6	35	3	Homme : beaucoup (49%)
6	36	3	Homme : beaucoup (49%)
6	37	3	Homme : beaucoup (49%)
6	38	3	Homme : beaucoup (49%)
6	39	3	Homme : beaucoup (49%)
6	40	3	Homme : beaucoup (49%)
6	41	3	Homme : beaucoup (49%)
6	42	2	Femme : un peu (53%)
6	43	2	Femme : un peu (53%)
6	44	2	Femme : un peu (53%)
6	45	2	Femme : un peu (53%)
6	46	2	Femme : un peu (53%)
6	47	2	Femme : un peu (53%)
6	48	2	Femme : un peu (53%)
6	49	2	Femme : un peu (53%)
6	50	2	Femme : un peu (53%)
6	51	2	Femme : un peu (53%)
6	52	2	Femme : un peu (53%)
6	53	2	Femme : un peu (53%)
6	54	2	Femme : un peu (53%)
6	55	2	Femme : un peu (53%)
6	56	2	Femme : un peu (53%)
6	57	2	Femme : un peu (53%)
6	58	2	Femme : un peu (53%)
6	59	2	Femme : un peu (53%)
6	60	2	Femme : un peu (53%)
6	61	2	Femme : un peu (53%)
6	62	2	Femme : un peu (53%)
6	63	2	Femme : un peu (53%)
6	64	2	Femme : un peu (53%)
6	65	2	Femme : un peu (53%)
6	66	2	Femme : un peu (53%)
6	67	2	Femme : un peu (53%)
6	68	2	Femme : un peu (53%)
6	69	2	Femme : un peu (53%)
6	70	2	Femme : un peu (53%)
6	71	2	Femme : un peu (53%)
6	72	2	Femme : un peu (53%)
6	73	2	Femme : un peu (53%)
6	74	2	Femme : un peu (53%)
6	75	2	Femme : un peu (53%)
6	76	2	Femme : un peu (53%)
6	77	2	Femme : un peu (53%)
6	78	2	Femme : un peu (53%)
6	79	2	Femme : un peu (53%)
6	80	2	Femme : un peu (53%)
6	81	2	Femme : un peu (53%)
6	82	2	Femme : un peu (53%)
6	83	2	Femme : un peu (53%)
6	84	2	Femme : un peu (53%)
6	85	2	Femme : un peu (53%)
6	86	2	Femme : un peu (53%)
6	87	2	Femme : un peu (53%)
6	88	1	Femme : pas du tout (15%)
6	89	1	Femme : pas du tout (15%)
6	90	1	Femme : pas du tout (15%)
6	91	1	Femme : pas du tout (15%)
6	92	1	Femme : pas du tout (15%)
6	93	1	Femme : pas du tout (15%)
6	94	1	Femme : pas du tout (15%)
6	95	1	Femme : pas du tout (15%)
6	96	1	Femme : pas du tout (15%)
6	97	1	Femme : pas du tout (15%)
6	98	1	Femme : pas du tout (15%)
6	99	1	Femme : pas du tout (15%)
6	100	1	Femme : pas du tout (15%)
7	1	-3	Femme : beaucoup (32%)
7	2	-3	Femme : beaucoup (32%)
7	3	-3	Femme : beaucoup (32%)
7	4	-3	Femme : beaucoup (32%)
7	5	-3	Femme : beaucoup (32%)
7	6	-3	Femme : beaucoup (32%)
7	7	-3	Femme : beaucoup (32%)
7	8	-3	Femme : beaucoup (32%)
7	9	-3	Femme : beaucoup (32%)
7	10	-3	Femme : beaucoup (32%)
7	11	-3	Femme : beaucoup (32%)
7	12	-3	Femme : beaucoup (32%)
7	13	-3	Femme : beaucoup (32%)
7	14	-3	Femme : beaucoup (32%)
7	15	-3	Femme : beaucoup (32%)
7	16	-3	Femme : beaucoup (32%)
7	17	-3	Femme : beaucoup (32%)
7	18	-3	Femme : beaucoup (32%)
7	19	-3	Femme : beaucoup (32%)
7	20	-3	Femme : beaucoup (32%)
7	21	-3	Femme : beaucoup (32%)
7	22	-3	Femme : beaucoup (32%)
7	23	-3	Femme : beaucoup (32%)
7	24	-3	Femme : beaucoup (32%)
7	25	-3	Femme : beaucoup (32%)
7	26	-3	Femme : beaucoup (32%)
7	27	-3	Femme : beaucoup (32%)
7	28	-3	Femme : beaucoup (32%)
7	29	-3	Femme : beaucoup (32%)
7	30	-3	Femme : beaucoup (32%)
7	31	-3	Femme : beaucoup (32%)
7	32	-3	Femme : beaucoup (32%)
7	33	-3	Femme : beaucoup (32%)
7	34	-3	Femme : beaucoup (32%)
7	35	-3	Femme : beaucoup (32%)
7	36	-3	Femme : beaucoup (32%)
7	37	-3	Femme : beaucoup (32%)
7	38	-3	Femme : beaucoup (32%)
7	39	-3	Femme : beaucoup (32%)
7	40	-3	Femme : beaucoup (32%)
7	41	-3	Femme : beaucoup (32%)
7	42	2	Femme : un peu (53%)
7	43	2	Femme : un peu (53%)
7	44	2	Femme : un peu (53%)
7	45	2	Femme : un peu (53%)
7	46	2	Femme : un peu (53%)
7	47	2	Femme : un peu (53%)
7	48	2	Femme : un peu (53%)
7	49	2	Femme : un peu (53%)
7	50	2	Femme : un peu (53%)
7	51	2	Femme : un peu (53%)
7	52	2	Femme : un peu (53%)
7	53	2	Femme : un peu (53%)
7	54	2	Femme : un peu (53%)
7	55	2	Femme : un peu (53%)
7	56	2	Femme : un peu (53%)
7	57	2	Femme : un peu (53%)
7	58	2	Femme : un peu (53%)
7	59	2	Femme : un peu (53%)
7	60	2	Femme : un peu (53%)
7	61	2	Femme : un peu (53%)
7	62	2	Femme : un peu (53%)
7	63	2	Femme : un peu (53%)
7	64	2	Femme : un peu (53%)
7	65	2	Femme : un peu (53%)
7	66	2	Femme : un peu (53%)
7	67	2	Femme : un peu (53%)
7	68	2	Femme : un peu (53%)
7	69	2	Femme : un peu (53%)
7	70	2	Femme : un peu (53%)
7	71	2	Femme : un peu (53%)
7	72	2	Femme : un peu (53%)
7	73	2	Femme : un peu (53%)
7	74	2	Femme : un peu (53%)
7	75	2	Femme : un peu (53%)
7	76	2	Femme : un peu (53%)
7	77	2	Femme : un peu (53%)
7	78	2	Femme : un peu (53%)
7	79	2	Femme : un peu (53%)
7	80	2	Femme : un peu (53%)
7	81	2	Femme : un peu (53%)
7	82	2	Femme : un peu (53%)
7	83	2	Femme : un peu (53%)
7	84	2	Femme : un peu (53%)
7	85	2	Femme : un peu (53%)
7	86	2	Femme : un peu (53%)
7	87	2	Femme : un peu (53%)
7	88	1	Femme : pas du tout (15%)
7	89	1	Femme : pas du tout (15%)
7	90	1	Femme : pas du tout (15%)
7	91	1	Femme : pas du tout (15%)
7	92	1	Femme : pas du tout (15%)
7	93	1	Femme : pas du tout (15%)
7	94	1	Femme : pas du tout (15%)
7	95	1	Femme : pas du tout (15%)
7	96	1	Femme : pas du tout (15%)
7	97	1	Femme : pas du tout (15%)
7	98	1	Femme : pas du tout (15%)
7	99	1	Femme : pas du tout (15%)
7	100	1	Femme : pas du tout (15%)
8	1	-3	Femme : beaucoup (32%)
8	2	-3	Femme : beaucoup (32%)
8	3	-3	Femme : beaucoup (32%)
8	4	-3	Femme : beaucoup (32%)
8	5	-3	Femme : beaucoup (32%)
8	6	-3	Femme : beaucoup (32%)
8	7	-3	Femme : beaucoup (32%)
8	8	-3	Femme : beaucoup (32%)
8	9	-3	Femme : beaucoup (32%)
8	10	-3	Femme : beaucoup (32%)
8	11	-3	Femme : beaucoup (32%)
8	12	-3	Femme : beaucoup (32%)
8	13	-3	Femme : beaucoup (32%)
8	14	-3	Femme : beaucoup (32%)
8	15	-3	Femme : beaucoup (32%)
8	16	-3	Femme : beaucoup (32%)
8	17	-3	Femme : beaucoup (32%)
8	18	-3	Femme : beaucoup (32%)
8	19	-3	Femme : beaucoup (32%)
8	20	-3	Femme : beaucoup (32%)
8	21	-3	Femme : beaucoup (32%)
8	22	-3	Femme : beaucoup (32%)
8	23	-3	Femme : beaucoup (32%)
8	24	-3	Femme : beaucoup (32%)
8	25	-3	Femme : beaucoup (32%)
8	26	-3	Femme : beaucoup (32%)
8	27	-3	Femme : beaucoup (32%)
8	28	-3	Femme : beaucoup (32%)
8	29	-3	Femme : beaucoup (32%)
8	30	-3	Femme : beaucoup (32%)
8	31	-3	Femme : beaucoup (32%)
8	32	-3	Femme : beaucoup (32%)
8	33	-3	Femme : beaucoup (32%)
8	34	-3	Femme : beaucoup (32%)
8	35	-3	Femme : beaucoup (32%)
8	36	-3	Femme : beaucoup (32%)
8	37	-3	Femme : beaucoup (32%)
8	38	-3	Femme : beaucoup (32%)
8	39	-3	Femme : beaucoup (32%)
8	40	-3	Femme : beaucoup (32%)
8	41	-3	Femme : beaucoup (32%)
8	42	2	Femme : un peu (53%)
8	43	2	Femme : un peu (53%)
8	44	2	Femme : un peu (53%)
8	45	2	Femme : un peu (53%)
8	46	2	Femme : un peu (53%)
8	47	2	Femme : un peu (53%)
8	48	2	Femme : un peu (53%)
8	49	2	Femme : un peu (53%)
8	50	2	Femme : un peu (53%)
8	51	2	Femme : un peu (53%)
8	52	2	Femme : un peu (53%)
8	53	2	Femme : un peu (53%)
8	54	2	Femme : un peu (53%)
8	55	2	Femme : un peu (53%)
8	56	2	Femme : un peu (53%)
8	57	2	Femme : un peu (53%)
8	58	2	Femme : un peu (53%)
8	59	2	Femme : un peu (53%)
8	60	2	Femme : un peu (53%)
8	61	2	Femme : un peu (53%)
8	62	2	Femme : un peu (53%)
8	63	2	Femme : un peu (53%)
8	64	2	Femme : un peu (53%)
8	65	2	Femme : un peu (53%)
8	66	2	Femme : un peu (53%)
8	67	2	Femme : un peu (53%)
8	68	2	Femme : un peu (53%)
8	69	2	Femme : un peu (53%)
8	70	2	Femme : un peu (53%)
8	71	2	Femme : un peu (53%)
8	72	2	Femme : un peu (53%)
8	73	2	Femme : un peu (53%)
8	74	2	Femme : un peu (53%)
8	75	2	Femme : un peu (53%)
8	76	2	Femme : un peu (53%)
8	77	2	Femme : un peu (53%)
8	78	2	Femme : un peu (53%)
8	79	2	Femme : un peu (53%)
8	80	2	Femme : un peu (53%)
8	81	2	Femme : un peu (53%)
8	82	2	Femme : un peu (53%)
8	83	2	Femme : un peu (53%)
8	84	2	Femme : un peu (53%)
8	85	2	Femme : un peu (53%)
8	86	2	Femme : un peu (53%)
8	87	2	Femme : un peu (53%)
8	88	1	Femme : pas du tout (15%)
8	89	1	Femme : pas du tout (15%)
8	90	1	Femme : pas du tout (15%)
8	91	1	Femme : pas du tout (15%)
8	92	1	Femme : pas du tout (15%)
8	93	1	Femme : pas du tout (15%)
8	94	1	Femme : pas du tout (15%)
8	95	1	Femme : pas du tout (15%)
8	96	1	Femme : pas du tout (15%)
8	97	1	Femme : pas du tout (15%)
8	98	1	Femme : pas du tout (15%)
8	99	1	Femme : pas du tout (15%)
8	100	1	Femme : pas du tout (15%)
9	1	-3	Femme : beaucoup (32%)
9	2	-3	Femme : beaucoup (32%)
9	3	-3	Femme : beaucoup (32%)
9	4	-3	Femme : beaucoup (32%)
9	5	-3	Femme : beaucoup (32%)
9	6	-3	Femme : beaucoup (32%)
9	7	-3	Femme : beaucoup (32%)
9	8	-3	Femme : beaucoup (32%)
9	9	-3	Femme : beaucoup (32%)
9	10	-3	Femme : beaucoup (32%)
9	11	-3	Femme : beaucoup (32%)
9	12	-3	Femme : beaucoup (32%)
9	13	-3	Femme : beaucoup (32%)
9	14	-3	Femme : beaucoup (32%)
9	15	-3	Femme : beaucoup (32%)
9	16	-3	Femme : beaucoup (32%)
9	17	-3	Femme : beaucoup (32%)
9	18	-3	Femme : beaucoup (32%)
9	19	-3	Femme : beaucoup (32%)
9	20	-3	Femme : beaucoup (32%)
9	21	-3	Femme : beaucoup (32%)
9	22	-3	Femme : beaucoup (32%)
9	23	-3	Femme : beaucoup (32%)
9	24	-3	Femme : beaucoup (32%)
9	25	-3	Femme : beaucoup (32%)
9	26	-3	Femme : beaucoup (32%)
9	27	-3	Femme : beaucoup (32%)
9	28	-3	Femme : beaucoup (32%)
9	29	-3	Femme : beaucoup (32%)
9	30	-3	Femme : beaucoup (32%)
9	31	-3	Femme : beaucoup (32%)
9	32	-3	Femme : beaucoup (32%)
9	33	-3	Femme : beaucoup (32%)
9	34	-3	Femme : beaucoup (32%)
9	35	-3	Femme : beaucoup (32%)
9	36	-3	Femme : beaucoup (32%)
9	37	-3	Femme : beaucoup (32%)
9	38	-3	Femme : beaucoup (32%)
9	39	-3	Femme : beaucoup (32%)
9	40	-3	Femme : beaucoup (32%)
9	41	-3	Femme : beaucoup (32%)
9	42	2	Femme : un peu (53%)
9	43	2	Femme : un peu (53%)
9	44	2	Femme : un peu (53%)
9	45	2	Femme : un peu (53%)
9	46	2	Femme : un peu (53%)
9	47	2	Femme : un peu (53%)
9	48	2	Femme : un peu (53%)
9	49	2	Femme : un peu (53%)
9	50	2	Femme : un peu (53%)
9	51	2	Femme : un peu (53%)
9	52	2	Femme : un peu (53%)
9	53	2	Femme : un peu (53%)
9	54	2	Femme : un peu (53%)
9	55	2	Femme : un peu (53%)
9	56	2	Femme : un peu (53%)
9	57	2	Femme : un peu (53%)
9	58	2	Femme : un peu (53%)
9	59	2	Femme : un peu (53%)
9	60	2	Femme : un peu (53%)
9	61	2	Femme : un peu (53%)
9	62	2	Femme : un peu (53%)
9	63	2	Femme : un peu (53%)
9	64	2	Femme : un peu (53%)
9	65	2	Femme : un peu (53%)
9	66	2	Femme : un peu (53%)
9	67	2	Femme : un peu (53%)
9	68	2	Femme : un peu (53%)
9	69	2	Femme : un peu (53%)
9	70	2	Femme : un peu (53%)
9	71	2	Femme : un peu (53%)
9	72	2	Femme : un peu (53%)
9	73	2	Femme : un peu (53%)
9	74	2	Femme : un peu (53%)
9	75	2	Femme : un peu (53%)
9	76	2	Femme : un peu (53%)
9	77	2	Femme : un peu (53%)
9	78	2	Femme : un peu (53%)
9	79	2	Femme : un peu (53%)
9	80	2	Femme : un peu (53%)
9	81	2	Femme : un peu (53%)
9	82	2	Femme : un peu (53%)
9	83	2	Femme : un peu (53%)
9	84	2	Femme : un peu (53%)
9	85	2	Femme : un peu (53%)
9	86	2	Femme : un peu (53%)
9	87	2	Femme : un peu (53%)
9	88	1	Femme : pas du tout (15%)
9	89	1	Femme : pas du tout (15%)
9	90	1	Femme : pas du tout (15%)
9	91	1	Femme : pas du tout (15%)
9	92	1	Femme : pas du tout (15%)
9	93	1	Femme : pas du tout (15%)
9	94	1	Femme : pas du tout (15%)
9	95	1	Femme : pas du tout (15%)
9	96	1	Femme : pas du tout (15%)
9	97	1	Femme : pas du tout (15%)
9	98	1	Femme : pas du tout (15%)
9	99	1	Femme : pas du tout (15%)
9	100	1	Femme : pas du tout (15%)
10	1	-3	Femme : beaucoup (32%)
10	2	-3	Femme : beaucoup (32%)
10	3	-3	Femme : beaucoup (32%)
10	4	-3	Femme : beaucoup (32%)
10	5	-3	Femme : beaucoup (32%)
10	6	-3	Femme : beaucoup (32%)
10	7	-3	Femme : beaucoup (32%)
10	8	-3	Femme : beaucoup (32%)
10	9	-3	Femme : beaucoup (32%)
10	10	-3	Femme : beaucoup (32%)
10	11	-3	Femme : beaucoup (32%)
10	12	-3	Femme : beaucoup (32%)
10	13	-3	Femme : beaucoup (32%)
10	14	-3	Femme : beaucoup (32%)
10	15	-3	Femme : beaucoup (32%)
10	16	-3	Femme : beaucoup (32%)
10	17	-3	Femme : beaucoup (32%)
10	18	-3	Femme : beaucoup (32%)
10	19	-3	Femme : beaucoup (32%)
10	20	-3	Femme : beaucoup (32%)
10	21	-3	Femme : beaucoup (32%)
10	22	-3	Femme : beaucoup (32%)
10	23	-3	Femme : beaucoup (32%)
10	24	-3	Femme : beaucoup (32%)
10	25	-3	Femme : beaucoup (32%)
10	26	-3	Femme : beaucoup (32%)
10	27	-3	Femme : beaucoup (32%)
10	28	-3	Femme : beaucoup (32%)
10	29	-3	Femme : beaucoup (32%)
10	30	-3	Femme : beaucoup (32%)
10	31	-3	Femme : beaucoup (32%)
10	32	-3	Femme : beaucoup (32%)
10	33	-3	Femme : beaucoup (32%)
10	34	-3	Femme : beaucoup (32%)
10	35	-3	Femme : beaucoup (32%)
10	36	-3	Femme : beaucoup (32%)
10	37	-3	Femme : beaucoup (32%)
10	38	-3	Femme : beaucoup (32%)
10	39	-3	Femme : beaucoup (32%)
10	40	-3	Femme : beaucoup (32%)
10	41	-3	Femme : beaucoup (32%)
10	42	2	Femme : un peu (53%)
10	43	2	Femme : un peu (53%)
10	44	2	Femme : un peu (53%)
10	45	2	Femme : un peu (53%)
10	46	2	Femme : un peu (53%)
10	47	2	Femme : un peu (53%)
10	48	2	Femme : un peu (53%)
10	49	2	Femme : un peu (53%)
10	50	2	Femme : un peu (53%)
10	51	2	Femme : un peu (53%)
10	52	2	Femme : un peu (53%)
10	53	2	Femme : un peu (53%)
10	54	2	Femme : un peu (53%)
10	55	2	Femme : un peu (53%)
10	56	2	Femme : un peu (53%)
10	57	2	Femme : un peu (53%)
10	58	2	Femme : un peu (53%)
10	59	2	Femme : un peu (53%)
10	60	2	Femme : un peu (53%)
10	61	2	Femme : un peu (53%)
10	62	2	Femme : un peu (53%)
10	63	2	Femme : un peu (53%)
10	64	2	Femme : un peu (53%)
10	65	2	Femme : un peu (53%)
10	66	2	Femme : un peu (53%)
10	67	2	Femme : un peu (53%)
10	68	2	Femme : un peu (53%)
10	69	2	Femme : un peu (53%)
10	70	2	Femme : un peu (53%)
10	71	2	Femme : un peu (53%)
10	72	2	Femme : un peu (53%)
10	73	2	Femme : un peu (53%)
10	74	2	Femme : un peu (53%)
10	75	2	Femme : un peu (53%)
10	76	2	Femme : un peu (53%)
10	77	2	Femme : un peu (53%)
10	78	2	Femme : un peu (53%)
10	79	2	Femme : un peu (53%)
10	80	2	Femme : un peu (53%)
10	81	2	Femme : un peu (53%)
10	82	2	Femme : un peu (53%)
10	83	2	Femme : un peu (53%)
10	84	2	Femme : un peu (53%)
10	85	2	Femme : un peu (53%)
10	86	2	Femme : un peu (53%)
10	87	2	Femme : un peu (53%)
10	88	1	Femme : pas du tout (15%)
10	89	1	Femme : pas du tout (15%)
10	90	1	Femme : pas du tout (15%)
10	91	1	Femme : pas du tout (15%)
10	92	1	Femme : pas du tout (15%)
10	93	1	Femme : pas du tout (15%)
10	94	1	Femme : pas du tout (15%)
10	95	1	Femme : pas du tout (15%)
10	96	1	Femme : pas du tout (15%)
10	97	1	Femme : pas du tout (15%)
10	98	1	Femme : pas du tout (15%)
10	99	1	Femme : pas du tout (15%)
10	100	1	Femme : pas du tout (15%)
